ID,BlendProperty1,BlendProperty2,BlendProperty3,BlendProperty4,BlendProperty5,BlendProperty6,BlendProperty7,BlendProperty8,BlendProperty9,BlendProperty10
1,0.012280894,0.14497346,0.6203953,0.3901922,0.30016598,0.46778488,0.66057044,0.38924804,-0.3315684,0.1795951
2,-0.4693412,-0.5819888,-1.2377481,-0.110494696,-0.70434827,0.17312376,-1.2493603,-1.3027679,-0.53298503,0.040650338
3,1.5792761,0.9261986,0.8737884,0.9601332,1.9116366,1.5322176,0.9337122,1.7563013,0.32693833,2.1134772
4,-0.24516562,0.38494736,0.7002527,0.02607043,1.9994626,-0.34008297,0.62563014,1.0304375,0.5927902,-0.68935776
5,-0.14139608,-0.6818402,1.1160829,0.20637849,2.4750772,0.17415254,1.0786463,0.16001663,-0.61794454,0.992847
6,-1.4655085,-1.6200361,0.29173866,-1.5024692,0.0010000884,-1.4859042,0.3005095,0.12680683,-0.87854093,0.1450662
7,0.79177934,0.2256042,-0.21393657,0.091805555,-0.12899256,0.33173907,-0.21587394,0.2944093,1.1974021,0.27107552
8,1.7655689,1.1031078,0.57221,1.0622402,-1.4605749,1.0834352,0.60929507,0.8012411,1.4799919,0.4298642
9,1.2254992,1.2016134,1.0205545,1.5263953,-0.54630303,1.2547264,1.0397388,0.1956257,0.8343856,0.6149299
10,-0.9623199,-0.88322544,-2.0337458,-0.6249002,-1.1469958,-0.44563115,-2.0160127,-0.07267315,-0.7703052,-1.3824338
11,-0.05004825,0.20199567,0.8308513,0.40976116,1.6852736,-0.14445245,0.8348744,-0.14076646,-0.671646,0.85884017
12,1.0185761,0.5932911,0.77737355,-0.15304619,1.0655563,0.27737382,0.7446831,0.88731396,-0.36567768,0.9501683
13,0.6426932,-0.38038298,0.94020957,0.42179012,-1.3402774,1.6856905,0.83782625,0.664427,1.0985101,1.6330326
14,-0.5086756,0.22065839,0.4940907,-0.6321949,2.3349466,-0.46650866,0.5190377,0.046939623,-1.0508537,-0.36011666
15,0.6206747,1.8791583,0.6600883,1.5933896,-0.21960162,0.5208085,0.53748655,0.9907077,0.74401134,-0.7351992
16,-0.16682564,-0.5040134,0.61924,-0.4793284,0.53958213,-0.9779451,0.49697784,0.12485684,-1.2479396,0.26217294
17,-1.3376507,-1.0982676,-0.10292664,-1.4039737,-0.67927754,-0.060891505,-0.028435573,-0.6697595,-0.22652407,-1.056772
18,-0.17453185,-0.21202394,0.5308546,-0.21921459,-0.017706316,0.019585395,0.49116126,1.0637897,-0.1676652,-0.802685
19,0.16215555,-0.08749423,0.8984171,-0.5963251,1.8067342,-0.99616367,0.8888718,1.194459,-1.3341732,1.4162122
20,-0.33362514,-1.1836598,0.45502043,-0.9530765,-0.5928757,-0.70951885,0.4301601,0.2619972,-1.1206977,-1.387492
21,-0.014270014,-2.0971348,0.38402966,-0.8614903,1.737153,-1.5443046,0.40227744,0.5056099,-0.822972,0.7332527
22,0.3233782,0.7620369,0.1352205,1.2789079,1.3143368,1.4491044,0.02319049,0.5991454,0.47784358,1.5190748
23,1.1439527,1.338072,1.0279547,0.981833,1.4747022,0.30617264,1.0843936,0.8484632,0.19029626,1.3326668
24,-0.03818328,0.45549965,0.39631402,0.3501484,-1.0008123,0.24638532,0.3586721,-0.3354838,-0.23118535,0.28000396
25,-1.3058344,-0.86099714,-0.08874522,-0.6566596,-0.5419596,-0.33374244,-0.023828162,-1.0056864,-0.15514886,0.043204367
26,-0.4475146,-0.0037784856,0.39241883,-0.6570233,-0.27617526,-0.021444801,0.38525105,-0.7948657,0.20663893,-1.2654415
27,1.1002728,0.59349096,-0.019458642,1.41424,-1.3578672,0.09103768,0.012095944,0.15847008,0.56879705,-1.0637074
28,0.26456907,-0.4465543,-0.22228369,-0.7101993,-1.1602435,-0.24649246,-0.22503111,-0.77546275,0.7934133,0.69334817
29,-0.8461623,-1.1631869,-0.10398661,-0.60959125,-0.43618664,-0.9106875,-0.17385466,-0.93766177,-0.6727565,0.18503606
30,0.31837362,0.28214502,-0.667892,-0.416283,-1.65252,0.34810323,-0.5783901,-0.5780685,0.037576403,-1.3527771
31,-1.1721319,-0.31739,0.3033667,-0.46628112,1.0684608,-1.0174476,0.1427988,-0.04586735,-1.8543992,0.42648292
32,-1.1446751,-0.6063249,-0.100443296,-1.116899,0.3822206,-1.1968685,-0.11144168,-0.37636837,-0.80542123,0.2572631
33,0.7817975,0.5749167,-0.5549397,0.47724092,0.11557438,-0.34427202,-0.47278288,0.077072404,0.43527514,-0.45032144
34,0.91159004,0.79885435,0.32844257,0.1862049,-0.9532133,0.44572958,0.21696627,1.5157156,-0.15569855,-0.47999412
35,-0.7640671,-1.08547,-0.10760645,-0.9198026,0.11609537,-0.63955706,-0.12135668,-1.053731,-1.9150654,0.16872144
36,1.4200333,0.3875034,0.6212798,0.5866208,0.80069125,0.7802425,0.4643329,1.0088296,-0.48440072,0.5716321
37,0.16754813,-0.059726574,-0.5661616,0.0012076168,-1.2646848,0.28104907,-0.54406875,-0.16704653,1.4728658,-0.47415897
38,0.42976657,0.8145019,0.34676993,0.9680305,0.28439355,0.58351564,0.4016183,-0.028217198,1.049977,-0.9246756
39,-1.6940511,-1.4087024,-0.19187298,-1.4863731,0.21464626,-0.22104105,-0.14655745,-1.4722464,-0.663641,0.12077449
40,0.027317075,0.6041012,0.6538011,-0.48577368,-0.1746572,0.23685594,0.56673616,0.014098887,0.32325533,-0.6025779
41,1.7584226,1.3158058,1.3252608,1.4507984,2.187809,1.8396198,1.379699,0.9484303,1.0572541,1.6562797
42,1.6305281,0.5428583,1.0564259,0.65442353,-1.1808488,0.61680686,0.914038,0.8105917,1.3067095,2.0902438
43,-1.7083192,-0.3590231,-0.91661316,-1.18758,-0.47755113,-0.42215416,-0.9603826,-1.5512242,-0.8211548,-1.2286807
44,1.0131733,0.36847395,0.21111119,0.97284836,-0.3389727,0.62054044,0.18865483,1.7010281,0.23774993,-0.0851074
45,-0.45190075,-0.6170231,0.000496387,-1.5481133,1.7749141,-1.314328,0.012535727,-0.35433662,-1.4199558,0.54098165
46,0.80960035,0.9620107,0.47553337,0.41339308,0.7149215,0.73183215,0.64856976,0.37795478,0.7915652,-0.7299284
47,-1.2416568,-1.855998,-0.71339303,-1.2322717,-0.08898881,-1.7702785,-0.76302266,-0.94114995,-1.607789,-0.27579188
48,-0.118237555,0.02583608,-0.4698005,0.02585944,-0.44160202,-0.55394274,-0.45616958,-0.13119403,0.58978003,-0.7182402
49,-0.42567262,-0.78122246,0.43135732,-0.10690702,-0.8709049,-0.3919673,0.40605444,-0.18844728,-1.3818824,0.1682382
50,-1.5705192,-1.2560436,-2.2026055,-0.68381363,-0.5712334,-1.3588328,-2.2283666,-1.568742,-1.5708772,-1.5290534
51,1.5937747,0.6859674,1.5717376,0.5570085,1.9883499,-0.347231,1.7827654,-0.06435552,-0.26687357,2.0046136
52,0.0008332293,1.0403217,1.2717658,-0.10988861,1.0945102,1.1402085,1.4365317,0.7174302,0.37622604,-0.8111539
53,-0.06886243,0.0055733644,-0.34214106,-0.5554191,-0.0065054786,-0.8202165,-0.3174307,0.32026657,0.49381188,0.10790167
54,1.4090611,0.7278906,0.16243461,0.5825981,0.6866037,-0.008375532,0.20553401,0.7739487,-0.631843,1.8642712
55,0.5010161,0.53328544,0.54468507,0.3245672,-0.12351563,0.8530165,0.47646356,0.17396471,0.7519098,-0.2144473
56,0.7302103,0.17634052,0.419759,0.028113227,-0.107503645,0.62512684,0.5169527,0.8863786,-0.29327953,-1.0641264
57,-0.09941379,0.1135134,0.26704186,0.05766887,-0.20729198,1.0105453,0.4200852,-0.0047627394,0.25541982,0.57836866
58,-1.5440518,-0.903227,0.5741474,-0.346616,1.3409979,-0.7476029,0.4961031,-0.37862194,-1.6927024,0.15040919
59,-0.23555006,0.32809618,0.39227256,0.80243987,-1.1370074,-0.40070054,0.3363226,-0.18130925,0.5674995,-1.8307748
60,-0.8998474,-1.6022521,0.26290533,-1.5217559,1.7482791,-0.99402946,0.22678258,-0.8436317,-0.8544522,0.7097576
61,-0.21634623,-0.019323006,-1.851519,-0.9708448,0.04492722,-0.70307106,-1.8329408,-0.59088725,-0.28280544,-1.283159
62,0.09597566,-0.87950623,-0.110954404,-0.37785923,-0.91087604,0.5488214,-0.03979076,-0.70592093,1.1154325,-0.81000113
63,1.1245037,0.36684906,0.6887229,1.3808815,-0.23934805,1.2825578,0.66417164,0.9230769,1.1509389,1.299871
64,-0.30863985,-0.50947684,0.7609568,-0.71887726,0.90666354,-0.97161645,0.75474745,-0.16840184,-0.945619,-0.09745896
65,-0.23446038,-0.3605937,1.0011005,-1.2386613,0.2579596,1.3088106,1.0320842,0.63639855,0.62788725,-0.7372914
66,0.36836267,-0.3406369,-0.21209314,-0.65751463,0.7844667,0.18132097,-0.23577349,-0.4044981,0.5544243,-0.14335883
67,0.93112254,1.4215498,0.8661641,0.64003986,-0.14299695,1.4226694,0.8460951,1.2311679,0.7383412,0.65018475
68,-0.6762442,-0.61231446,-0.9289488,0.33808044,-1.0213763,-0.5844308,-0.80714524,0.23876575,-0.7292592,-0.69357365
69,1.2705983,1.2732017,0.5297668,0.81987816,-0.46674716,-0.008870814,0.6121927,0.9732656,0.051152777,1.6963457
70,-0.19282874,-0.17315224,0.34727147,-0.32029244,-0.27332157,-0.7922662,0.36289474,-0.53530294,0.32466167,0.62337047
71,-0.3529975,-0.21602535,-0.08678132,-0.5883601,-0.803995,-0.49522012,-0.091868,-0.25238362,-0.6425663,0.77929354
72,0.74919343,0.21962821,0.13273425,0.88865685,0.27298665,0.877686,0.14190182,0.4553122,0.5273702,-0.83084023
73,0.4438904,0.72803473,1.6733674,-0.56854177,2.7581306,0.7843241,1.5961556,0.3636607,-0.015931763,1.3771504
74,1.4263599,0.8094039,1.1586515,0.9386361,1.4537109,0.23951384,1.1061678,1.0037278,0.4387078,2.0813618
75,1.0785083,0.6498721,-0.121163815,0.76470923,-0.5571607,0.09673994,-0.079384536,0.5685827,0.7916964,0.2749559
76,-0.5613583,-0.4480379,-0.1650803,0.1287394,-0.28609005,0.5851854,-0.16734229,-0.3464224,-0.0042425115,-0.9533752
77,-0.5032598,0.022272186,0.66751814,-0.62877315,-1.0971953,-0.40469897,0.6188519,-0.5806318,-0.53130966,-0.7883399
78,0.59801376,1.196804,0.7882695,0.44739476,0.9842616,1.8634405,0.8851141,1.9281282,0.2631214,-0.22394818
79,0.959121,1.0507113,0.39663714,0.96215963,-0.6152298,0.52370983,0.3674508,0.88488925,0.9774916,-0.16038199
80,0.6338266,0.41204372,-1.4179724,-0.14502585,-0.70526,0.2866082,-1.2628269,-0.28848833,1.6195415,0.5683321
81,-0.3430207,0.5300935,0.9699838,-0.03548858,-0.46906054,-0.4097957,0.8576696,1.0644239,-0.07287244,1.2930846
82,1.4097089,0.9727484,0.8834791,-0.12857181,0.3639971,1.0376406,0.91731775,0.61375505,0.14831963,-0.37795356
83,-0.3873794,-0.13628192,0.61650395,-0.7107084,-0.7588116,-0.1791322,0.55953383,0.031803127,-0.32207987,0.27799475
84,0.9841708,0.6483729,1.1988248,0.6686464,-0.48445922,1.1402577,1.27965,1.4013319,-0.34314743,0.36283687
85,-0.34988505,-0.35951793,-1.3320109,-1.2716149,0.04260503,-1.7171286,-1.3337784,-1.2218297,-1.0232449,-0.124316044
86,0.19693936,-0.69257677,0.81413937,-0.30822504,1.1991378,-0.23383652,0.85851616,0.2300785,-1.7990367,0.6106281
87,-0.72203165,-0.9695717,0.82519656,-0.87558734,0.1320408,0.31634343,0.8445422,-0.58392143,-0.4508612,-1.3579688
88,-0.5802083,-0.00971549,0.3599085,-0.78753865,-1.0415047,-0.539039,0.40420464,-0.1110513,-0.67405176,-0.34121266
89,-0.342173,-0.43799213,0.49545625,-0.4176699,-0.47224167,-0.7015464,0.4885042,-0.8129855,-0.5898907,-0.72032154
90,0.3106855,-0.74503505,0.72188014,-0.15791675,2.0305455,-0.8060594,0.7363787,0.23489991,-0.9590507,0.76396114
91,-0.013404865,-0.49157846,-0.24915212,0.06605364,-0.7055061,0.08993102,-0.29988462,-0.073081315,1.2186996,-1.250934
92,-1.3360832,-0.3441883,0.42526695,-0.72726697,-0.47149298,-0.64961165,0.33319783,-1.3131154,-1.0498942,-0.356723
93,0.45840064,-1.0260367,1.2895035,0.76465094,0.7343343,0.06718759,1.3709141,0.6580178,0.0640886,0.8170348
94,1.7675624,0.82238066,0.6507467,0.7529873,-0.9383492,0.6891596,0.5726329,0.8667855,1.0972654,2.1211703
95,0.9690782,0.6836573,-0.15246394,0.6430074,-0.27174023,0.84907055,-0.21434532,0.51528347,1.698105,-0.82855844
96,-1.2850777,-1.0400134,0.07140205,-1.5351924,0.66199404,-1.6537149,0.043135937,-0.043526612,-1.5321747,-0.009159751
97,0.2257076,0.17730898,0.09668235,-0.06264123,-0.123548314,-0.20996456,0.033129815,-0.2904173,0.0990364,-0.68225014
98,-0.78337055,-0.33941087,0.21905181,-0.83784956,-0.97102463,-1.1113322,0.25595158,-0.45003834,-0.15934874,0.1938789
99,-0.027729543,0.14328581,-1.4430975,0.09310952,-0.070358485,-0.97469825,-1.3955445,-0.5906607,0.028385075,-0.7595126
100,-0.6304651,-0.3714819,-0.28510633,0.2676043,0.6351019,-0.11951516,-0.25926468,-0.28859648,-0.4072227,-0.53266853
101,-1.2885575,-1.6776531,-1.7398806,-1.0414982,0.4459296,-0.72330666,-1.7435763,-1.897502,-1.3090622,-0.4735717
102,-0.53348386,-0.737272,-0.42544043,-0.680151,-0.81128687,-0.10547072,-0.35137042,-0.44040745,-0.031099327,0.25508395
103,-1.6657116,-1.2980505,-1.0224912,-1.1569993,-0.8858309,-1.1826206,-1.0165768,-1.2155837,-1.0506306,-1.3562623
104,-0.8956806,-1.2184633,0.8295249,-0.24787593,0.861065,-0.15948446,0.82716835,-0.6580405,-0.037350796,0.20317703
105,0.41624224,0.18623663,0.9977297,0.43209285,0.11694019,-0.14106955,1.014123,0.5909605,-0.8970701,0.56696594
106,0.27716815,0.8383935,-2.0264676,0.04209299,-1.5104828,0.41094974,-1.9535842,-1.0962037,1.8904892,-0.8283587
107,-0.6408331,-0.8196107,0.060325734,-0.031707685,0.26217806,-0.25098008,0.10747895,-0.13888332,0.025984813,-0.9405013
108,-0.77735263,-0.051629275,0.01863806,-0.72077143,-0.81259316,0.43906197,-0.06064262,-0.40717897,-0.98928255,-0.06276028
109,0.18487114,0.025019886,0.6546483,-0.30087295,0.6104207,-0.45692992,0.58623785,0.1619776,-1.2577026,0.80047584
110,0.46841505,0.22029768,-0.818735,0.87028575,-0.44759333,0.27711797,-0.7573283,-0.43438536,1.1918802,-0.6384855
111,0.025160512,-0.25006396,1.3550394,0.32137474,1.0629783,-0.515692,1.3226002,0.4464432,0.058785275,0.91914946
112,0.8061325,0.26370373,0.42288452,-0.09713491,-0.26927567,0.22494705,0.409964,0.8963629,0.7496908,1.2842935
113,0.080348745,-0.14269392,-0.24488984,0.34087363,0.18537706,-0.40737632,-0.21649007,-0.019625694,-0.15456769,-0.8101231
114,-0.3617196,-0.84862584,-0.90754133,-0.77965856,-0.7856571,-0.38189697,-0.8586045,-1.5794793,-0.044453472,-0.19892493
115,1.186858,0.26740623,-1.2547137,0.49306428,-0.43259075,1.1401495,-1.270584,-0.12753032,0.63650787,-0.3143807
116,-0.5540729,-0.26828972,-0.8176096,-0.35363284,0.39409366,-1.1101348,-0.8233276,-0.5159815,0.23783004,-1.062498
117,-0.24757169,-0.3080703,-1.6270324,-0.90147287,-0.781711,0.02581957,-1.6565807,-1.0980388,-0.3377378,-0.7388806
118,-0.02654949,-0.047045108,0.72915065,-0.39342102,2.1437812,0.61338425,0.5765032,-0.18787335,0.484077,-0.4492943
119,-0.31305712,-0.7052377,-2.1125872,0.10538526,-1.7061214,0.36100346,-2.076237,-0.70880246,1.1962699,-1.3680521
120,0.6608388,0.4134315,0.4159062,0.6838045,0.31104216,0.45144325,0.26381224,0.58331686,-0.20141116,0.51293063
121,0.22634795,0.08014124,0.016563004,0.1693822,-1.0975542,1.1556066,0.06775044,0.50870365,0.7369725,-0.0457177
122,-0.4470099,-0.96535647,0.3803735,-0.88413393,-0.15998769,-0.7642496,0.26548994,-0.74889886,-0.3100584,0.7064931
123,0.13863346,-0.37890467,-0.05973905,0.39770782,-0.10463869,0.34466118,-0.0830473,0.31054989,0.5402656,-1.1667482
124,-0.59537643,-0.89812684,-1.2399064,-0.96219057,0.13195845,-1.0514312,-1.2365894,-0.6779208,-0.68421423,-1.2169448
125,-2.022853,-1.8326731,-2.271163,-1.8437649,-0.19026908,-1.7985731,-2.17547,-1.4067514,-0.9166776,-0.4371108
126,0.7705434,1.0454953,0.0027815541,0.050253194,0.37731445,0.8537373,-0.10651148,0.20341745,0.36805883,0.3586963
127,-1.0194454,-1.343157,0.77926874,-0.2694589,2.4845605,-1.3629931,0.760315,0.2523745,-1.1115198,0.31846526
128,0.418315,0.45471853,-0.9141076,0.47819576,-1.2728487,-0.62285113,-0.85037714,-0.39147183,1.2180374,-1.0272363
129,-0.22803722,-0.67583793,0.02965097,-0.6474505,1.9900948,0.060495898,-0.087653086,-0.49723303,-0.9883775,0.266944
130,1.2361991,1.3483363,1.2371604,2.391124,1.546005,1.5216334,1.4312773,1.1087962,0.5947571,0.17261715
131,1.8341475,1.4242887,0.8336236,1.6452104,2.5219812,1.3005134,0.8393933,1.9155109,0.9396073,0.13220502
132,1.4056027,1.2921695,0.6599622,1.9723899,-0.84408754,0.9680857,0.7316429,1.4633824,1.6477026,0.0058329105
133,0.6680444,1.1645335,-0.8217251,1.3670073,-0.5350221,0.39877042,-0.8428479,-0.38140717,0.49857715,-1.2203149
134,-0.93885034,-2.0145848,0.102529556,-0.9153672,1.5329063,-0.63410336,0.15638883,-0.52810067,-0.11432655,0.43800813
135,-0.5556006,-0.033403076,-1.393267,0.37599352,-1.2500913,0.5120807,-1.3388007,0.24819486,0.38372797,-0.5062993
136,0.512556,-0.1859999,-0.13347398,-0.0882319,0.920765,0.31560636,-0.0827548,0.13144441,0.7293344,0.16014771
137,-0.400891,-0.4833806,0.29080483,-1.1566448,0.7225431,-0.12428967,0.31021702,-0.29488668,-1.7640424,0.5680163
138,1.4084147,0.1016765,0.25292757,1.3096393,0.17523211,0.42220536,0.31847152,-0.107194774,0.66228056,1.5504695
139,-0.051337015,-0.6688204,0.3702369,0.3111346,1.8282439,-0.87661797,0.4498912,-0.19676733,-1.3708388,-0.46104681
140,-0.6614297,-0.2659574,0.8238006,-0.6388621,-0.09332847,0.98822606,0.87069964,0.71904737,0.34248242,-0.121841446
141,0.5681636,0.49977207,-0.92518127,0.25115606,-0.35119945,-0.6155493,-0.7460155,-0.2844043,-0.3109363,-0.9450302
142,-1.3237214,-0.55354995,-2.068066,-0.8447183,-0.8975848,-0.4734715,-1.9435536,-0.43752307,0.16616699,-0.39203584
143,0.72069556,0.95021856,0.644092,1.0072318,-0.9209971,0.39161518,0.6383077,0.73978114,0.80046463,1.1106464
144,-0.080635615,-0.19333258,-0.12245632,0.114811644,0.4646213,0.18775915,-0.057120178,0.9611187,-0.5421391,-0.34817404
145,0.7679455,1.0102533,0.54676056,0.63628024,0.05571794,0.88230103,0.6510859,0.13337998,1.3752834,2.029456
146,0.28190437,1.1729914,0.2798433,0.31946185,-0.6019889,1.7012808,0.15727034,0.1790975,0.5256198,-0.1613442
147,0.12128037,0.54179174,0.1378628,-0.1752408,-0.26560652,-0.020462232,0.15239452,-0.29270992,0.16578904,-0.086581305
148,1.2269629,1.0194086,-0.29150844,1.0565689,-0.14889704,1.0267189,-0.31960925,1.2387553,0.812399,0.20349315
149,-1.3820577,-1.3123475,-1.6282274,-1.2356101,0.022443691,-1.676496,-1.6058052,-1.6008613,-0.22593611,-0.28057644
150,1.0406573,1.3518398,-0.37693828,0.106225856,-0.478381,0.8432515,-0.42582634,0.1949204,0.8897235,-0.61914843
151,-1.2417765,-0.56700575,-0.09939459,-1.1909095,0.58493525,-1.4109519,-0.12094548,-1.2261302,-0.79689217,0.28048906
152,-0.7207137,-0.05372144,0.06334358,-0.6350183,-0.22510271,0.14850792,0.011294938,-0.47252843,-1.3530563,-0.85825086
153,-0.33149037,0.11160461,-0.8392693,-0.37508386,-0.4729961,-0.115237445,-0.9159852,-0.85827464,-0.971389,0.7631358
154,1.4069341,0.39893964,0.7035041,0.84246236,-0.31145996,1.2032422,0.6954706,1.3743964,1.9216471,0.20908058
155,1.0177934,0.16916452,0.67454743,0.44982544,-0.82194215,0.48571387,0.5447559,1.1764838,0.22726476,0.59138817
156,0.9516987,0.34720445,-0.72784257,0.5635491,-1.261731,0.033524144,-0.7553938,0.44174343,1.4916162,0.61607546
157,0.005125935,-0.36413997,-0.284794,-0.09730239,0.43104786,-0.53115845,-0.37280735,0.3028846,-0.053133763,0.886495
158,-0.8657911,-0.5253187,-0.1882744,-0.06256079,0.045785733,-0.030225175,-0.06514592,-0.39465895,0.5687707,-0.08249097
159,-0.0058789947,-0.19658771,0.02237163,-0.1412741,0.852656,0.4303175,-0.10916446,0.514403,0.28164652,-0.38508284
160,0.61679536,-0.017352743,0.42505944,-0.24720022,-1.2644143,0.379841,0.45760733,-0.20354941,-0.7531598,-0.6643251
161,0.42100036,0.17312554,-1.5902574,0.32963282,-0.41399282,0.07238145,-1.526599,-0.8289795,1.2637744,-1.182213
162,0.9366651,1.4472424,0.31784096,0.61911273,-0.46829057,1.0520834,0.361577,0.97049046,1.2681057,1.7208016
163,-0.46813577,-0.50509423,0.26347208,-0.0038492815,1.8546456,-1.0599016,0.23924236,0.6334696,-1.9841444,0.5810304
164,0.52924836,-0.25323004,-1.3436652,0.5757391,-0.23565635,-0.5148711,-1.2788537,0.26770914,0.13435498,-0.8848473
165,-0.54174465,-0.68271875,-0.6812178,-0.43891442,-0.37364212,-0.01767949,-0.7606264,-0.8260518,-0.62389046,-1.1124187
166,-1.0589274,-1.1380781,-0.20340683,-0.89971966,0.13232797,-0.41614234,-0.17377536,0.034866717,-0.22797678,-1.2790297
167,-0.31949484,-0.38621536,1.3792758,-0.047658682,2.2368605,-0.5855662,1.5053436,0.2917777,-1.3737221,0.15237838
168,0.097861305,-0.06576382,0.47801054,-0.72101605,-0.13455784,0.60466754,0.40587568,-0.28776935,-0.29371646,0.0910334
169,0.2326684,0.042249747,-2.4398735,0.12313893,-0.6925737,0.001594467,-2.3620708,-0.40038687,0.38174236,-1.4020339
170,0.043256428,1.5531268,0.5984767,1.0268868,-0.4317892,0.8089997,0.55162334,0.7606476,0.14321092,-0.49329913
171,0.05962298,-0.44041535,-0.22492982,0.19413629,-0.6334704,0.7277627,-0.22682425,0.18661179,0.18940753,-0.93920094
172,0.23485938,-0.2456354,-0.4686345,0.41545922,-0.16783836,0.49709815,-0.47200018,-0.60762316,-0.5666379,-1.2852913
173,-0.93066365,-0.6493213,0.44659784,-0.3263524,1.439408,-0.86593926,0.36593983,0.2555967,-0.6524915,-0.5423553
174,-0.56418574,0.3911653,1.5125322,0.6909143,2.4214644,-0.008366916,1.6727991,-0.5412974,-0.9584231,0.7764833
175,-0.62407935,-0.5518196,0.7333837,0.09262885,-0.63541645,-0.0029513848,0.6427455,0.24833415,0.41442576,0.5534868
176,0.85493,1.3381325,1.3151768,0.9997241,2.2041545,1.050666,1.2772181,1.3585833,0.86994153,1.8582895
177,0.20085666,0.28488714,0.025253223,0.30018494,-0.41335517,-1.1324656,-0.12809314,0.28784844,-0.64384735,1.021518
178,0.97758764,-0.09777868,0.44355205,0.93785465,-0.54276276,0.85582274,0.5680069,1.0254858,1.2478485,0.7996343
179,-0.65387046,-0.9776214,0.7269877,-0.9631625,0.5905102,-1.1386032,0.6570546,-0.12035402,-0.6877181,-0.11071542
180,0.2658111,0.34314117,0.18483761,0.5292981,-0.19926088,-0.59678096,0.17119572,0.15814048,-0.6042277,1.6190279
181,0.21380912,0.35880363,1.3975419,0.9288335,1.7269953,0.714864,1.4447753,0.904875,0.36388695,-0.27704984
182,0.19377196,0.08371206,-0.98326856,0.10858741,-0.13140151,-0.17474775,-1.0316834,0.08267798,0.0076122032,0.15722117
183,0.9316856,0.9267759,0.93261987,0.93064755,-0.39347717,1.3006078,0.92342025,1.4786593,0.21935165,1.7425936
184,-0.8038191,-0.0068769064,1.4112706,0.5423674,2.754524,-0.55054617,1.6113536,1.270018,0.12378992,0.45445994
185,1.382534,1.1283209,-0.15293074,0.68272686,-1.0087171,0.2406371,-0.11275334,-0.07167392,-0.20791012,1.737446
186,-0.46206206,-0.31586775,0.3632904,-0.6316207,0.093313836,0.5258044,0.31643212,0.24874568,0.29482195,-0.1020713
187,0.7442252,0.35785332,1.2936276,1.1235632,-0.0073028407,0.37249163,1.268673,0.9471095,-0.036251035,0.9981069
188,-0.53278714,0.04227288,-1.1340235,-0.55981255,-0.38204208,-0.71144885,-1.2367187,-0.52398425,0.64167887,-1.1668133
189,-1.1295139,-1.317775,-0.1978085,-1.4175322,-0.4621201,-1.1536222,-0.19984163,-1.3716967,-1.0551555,-0.6059974
190,-1.3110591,-1.1763943,-1.930244,-0.7310085,0.18416885,-1.0143635,-1.8833842,-1.7136899,-1.080715,-0.8581152
191,0.9147876,0.23521975,1.2860274,1.0656012,-1.3202697,1.5987132,1.3472809,1.0442747,1.4609215,-0.50465167
192,2.145534,0.8730345,1.383559,0.696889,2.2049618,0.5878374,1.3616087,2.1230834,1.0096086,2.043241
193,0.27102295,0.71757954,1.2241894,0.4213421,2.0049958,0.9226039,1.2964488,1.5501711,1.4060307,-0.16048378
194,1.0045528,-0.009348367,0.23521905,0.15447158,-0.075427555,0.2842369,0.268415,-0.4025607,0.89301956,1.0505681
195,-0.19706568,-1.1808186,0.1440986,-0.94004893,1.3474073,-0.55108875,0.18799655,-0.011129187,-0.7851615,0.45285976
196,0.8358618,0.64470375,1.3364844,1.0030559,-0.633194,1.1627842,1.4884602,1.4200556,0.23068394,0.11832616
197,-0.6183843,-0.17525485,-1.9909806,-1.1185797,0.15250781,-0.5859293,-1.9730337,-0.62109035,-0.7635544,-1.4518826
198,0.7636559,0.6107742,0.9460724,0.83835304,-0.45356148,0.8394114,0.9134763,1.1627653,0.6479885,1.5968896
199,-1.8276569,-1.4981775,-1.1985506,-1.089056,-0.35899687,-1.2779922,-1.107754,-1.358415,-0.7199278,-0.26117742
200,-0.3100683,-0.39452878,0.1587548,-0.5896249,-0.5957644,-0.39590582,0.12995906,0.22488964,-0.581876,0.55649996
201,-1.519136,-0.5758772,-1.8889223,-1.6710324,-0.4298071,-1.811805,-1.8427925,-1.3368367,-0.4098548,-1.5180916
202,1.5306226,0.50166583,0.6859869,0.8433172,-1.1083424,1.8357639,0.7167356,0.76328903,1.6792506,2.1243868
203,1.1316528,1.4151032,0.063222446,0.9381515,-0.22520167,0.12619369,0.07692833,0.83460355,0.89681184,1.7671852
204,2.0316036,1.9826043,1.0873858,0.8305665,1.2032185,1.0409551,1.0768958,0.66325843,-0.22131953,0.063561626
205,-1.0618204,-1.4923692,0.34122688,-1.494142,1.0381054,-0.3437164,0.27317694,-1.1338581,-0.39533696,0.3813926
206,1.4908491,0.7865764,1.0827506,1.3838621,-0.4779257,0.6596586,1.0639105,0.8811173,0.5248404,1.8308685
207,1.1428533,0.46987176,-0.09348272,0.61542374,-0.10038784,-0.17296496,0.045747343,1.5041575,-0.25468308,1.7597324
208,0.9588644,1.2175807,0.3216461,1.0778943,-0.41829798,1.652463,0.35780287,1.2317805,0.8350638,-0.5132104
209,-1.1986291,-0.9501099,-0.43683362,-1.3071357,0.09002267,-0.555895,-0.36999434,-0.34233668,-0.97284514,0.37093854
210,-0.5646422,-0.601053,0.7076341,0.4570668,1.6639367,-0.04418286,0.6688936,0.7417539,-0.63339126,0.63047075
211,0.22334717,0.4591608,-0.54981583,0.4265699,-0.4166289,0.13210799,-0.53762317,0.4187149,1.1770563,0.8042847
212,-0.17441347,-0.14196771,0.49222746,0.44704577,-0.72545546,-0.83009356,0.39470333,0.51344985,-0.1167636,-0.42916915
213,-0.2890994,-0.10499559,1.1168485,-0.7896588,2.2557027,-0.3769491,1.1561265,0.70299417,-0.34858727,-0.80113584
214,-0.0045876903,-0.10983019,0.91466415,0.29010534,1.2754071,-0.39126065,1.0074536,-0.45484114,-0.054740757,-0.14426216
215,-0.2599278,-0.2017729,-0.47689047,-0.15998432,-0.0845768,-0.20032513,-0.42876893,-0.8501664,0.61647606,0.8790655
216,0.6907358,1.8218699,1.3611776,1.4064139,2.0289702,1.5219465,1.5012814,1.4039487,1.4167573,-0.53300625
217,1.3734149,1.8526999,1.3685923,0.6589394,2.3379405,0.9585026,1.5336814,1.2083906,1.4744159,0.24976796
218,0.3391266,0.10012716,0.7998409,-0.196828,1.0109653,0.5025335,0.76007754,1.5946516,0.109209254,-0.6536264
219,-1.4113251,-2.2039971,-0.5943274,-1.5066289,-0.46526054,-1.8244749,-0.59963936,-1.3013327,-1.076195,0.07227436
220,1.1595278,1.4378753,0.7744662,0.2473763,-0.7234479,1.2172909,0.7891658,0.009696648,1.3829114,-1.104468
221,0.0039371597,-0.17601942,-0.87938815,-0.13403377,-0.24476476,0.23017867,-0.86977035,-0.5188932,1.6216594,-0.7223205
222,-0.6683932,-1.216375,0.9293582,-0.2130151,1.1420928,-0.0010019916,0.89987826,0.38826746,0.026085122,0.49739772
223,0.30087045,-0.50046194,0.6152137,0.20475952,1.4551653,0.028788602,0.62002766,-0.035269868,0.17211603,0.47567114
224,0.47762427,-0.01566055,0.86271423,0.56525475,2.1577299,0.9674968,0.8462215,0.37380558,1.0176795,0.7128027
225,-0.74783176,-0.10571545,0.380675,-0.61785537,-0.2769656,-0.32075578,0.5664026,0.32972947,-0.1125554,-0.32734486
226,0.10919449,-0.50615627,0.93608683,-0.079024956,-0.38020802,-0.7111817,0.9372929,-0.9758388,-0.7978165,-1.1302109
227,1.527932,0.5623197,0.3549482,1.1905054,1.8557621,1.381675,0.39284694,0.97310525,0.75420535,-0.75695413
228,0.09576415,-0.38255346,0.65503913,-0.4789158,-0.8588547,-0.6614303,0.7810187,0.14500658,-0.4863599,-0.33037004
229,-0.7065661,-0.25856218,0.22048572,-1.2638324,-0.90340644,-0.06147956,0.194048,-1.2664044,-0.6955199,-0.12267892
230,0.029152282,0.62989765,1.1901765,0.33922368,-0.941083,0.03411656,1.1626033,1.4045707,-0.48883992,-0.9212903
231,0.047652252,0.5697975,-1.9844689,-0.78008413,-1.3193102,0.22116183,-1.8879825,-0.64490813,-0.19974126,-1.3498132
232,0.25574198,-0.19753876,-1.6876956,-0.19496472,-0.9668107,-0.26250687,-1.6092703,-0.40807268,-0.17652114,-0.91160816
233,1.0364472,1.5804707,0.59895927,1.3147888,-0.63096654,0.78815997,0.6517344,0.81005985,1.0887846,0.90790886
234,-1.117154,-0.40041643,-1.644549,-1.2999911,0.4861261,-0.848031,-1.6847361,-1.1960497,-0.17999555,-1.5962671
235,-1.212968,-1.7779083,-0.9185238,-0.9622704,0.79269636,-1.5808325,-0.91712546,-1.2084684,-1.3833009,0.007648066
236,0.4449472,0.9022866,-0.5081335,1.3468982,0.29783243,1.4903919,-0.54692364,0.91909313,1.475874,-0.56144
237,-0.16491637,-0.6310706,0.6149392,0.5268295,0.30733973,0.12549205,0.6150949,0.017437004,-0.07811259,-0.07120348
238,1.3275661,1.1542385,1.0829247,1.8676306,0.6855355,0.5483835,0.98913413,1.1561275,1.2667875,1.9681574
239,-0.6690865,-0.799557,-1.1679362,0.13348743,-0.4253749,-1.1572167,-1.1670102,-0.9705985,-0.9011975,-1.0011721
240,1.2634643,1.7937571,0.81747764,1.523536,-0.56966656,1.1234103,0.8359335,1.392472,0.7572088,-0.033446673
241,-0.79821795,0.0902497,-1.399336,0.47565353,-0.97601604,-0.5356441,-1.2651293,-0.11516956,0.0495528,0.078893736
242,-0.75723,-0.07762961,0.25799677,0.12941287,-0.28566626,0.30721715,0.18828091,0.06526718,0.12956384,-0.5566133
243,-0.018087523,1.2300005,0.37809366,0.1220452,0.26079738,0.5856909,0.40700397,0.62594986,0.5243515,-0.9070193
244,0.79649013,0.9642356,0.037759565,0.36707154,-0.19508459,0.57698053,0.10020713,0.40376252,0.37540394,-0.18700866
245,1.3947973,0.8333326,0.024752207,1.0511634,-1.3295306,0.8336572,0.107524544,0.80151844,1.5154935,1.2235231
246,-1.1191045,-0.44461405,-1.4012314,-0.12314705,-0.97224337,-0.62143296,-1.4124422,-1.3516539,-0.28657767,-1.5672404
247,0.0321673,-0.56793875,0.84534997,-0.19511631,0.19349559,0.10315319,0.8487433,0.7449739,-0.7209729,1.1296725
248,-0.6520132,-0.85883486,0.3215559,-0.8947135,0.19760573,-0.29247725,0.32657868,-0.22216174,-0.72640723,0.7818707
249,0.8461879,1.5209781,0.42161083,0.89725,-0.40292877,0.106236905,0.3817972,-0.27313662,0.9952885,1.7655119
250,1.0030456,1.534962,0.7374309,2.1035361,-0.5095908,0.144966,0.69979763,1.1894605,-0.10347022,1.969178
251,-1.3621478,-2.2429004,-0.3750277,-1.1160489,-0.21656123,-1.5242075,-0.37119636,-0.94695365,-0.31277665,-0.10361544
252,-0.85441494,0.11922708,0.12461429,0.10201941,0.35073203,-0.4777034,0.10321825,-0.48125622,-0.26558995,-0.88954407
253,1.6581622,1.9986031,0.48108518,1.5213418,1.9248943,1.9608122,0.46267465,1.86933,1.3088433,0.40172613
254,0.10115985,-0.324132,0.45054117,0.5416195,1.1914046,0.3346722,0.29912055,-0.7789783,-0.3953286,0.3259229
255,-1.3198293,-1.8742065,-0.91144985,-1.1958944,-1.1539696,-0.8882584,-0.9161233,-1.7444152,-1.1372123,0.1776102
256,0.34932908,0.36750212,0.9059877,0.30698824,0.40436915,0.82515466,0.9699653,0.25229457,0.54086864,-0.8343388
257,1.193786,1.1730715,0.80830765,1.8424568,-0.036346793,1.1770809,0.7441446,1.1665837,1.470205,1.9801979
258,1.1587,0.98547274,0.31349695,1.4737848,-0.37833017,0.39990267,0.3571475,1.2522898,0.6473617,0.5353185
259,0.70578814,0.41501877,0.38009763,0.7299694,0.13628718,0.12501279,0.38547987,0.314965,0.4649554,-0.39053494
260,-0.993774,-0.3365656,-1.4677284,0.13538773,-0.5090034,-0.4190231,-1.4269946,-0.6962826,0.080566965,-1.4525968
261,0.18003215,1.5950624,1.3502965,0.28291774,1.5034778,2.057937,1.3312683,1.5389168,1.5030683,-0.9414475
262,-0.18084237,-0.5162087,-0.59476095,0.15916598,0.5430681,0.15208416,-0.5285882,-0.21006803,0.5480073,-0.9003361
263,0.2587979,0.79318047,0.69149166,1.5325055,-0.74084455,0.5941628,0.641808,2.326261,-0.017854802,0.47520307
264,-1.0076004,0.051458996,-0.28945246,-0.345545,-0.6263031,-0.67351735,-0.23779306,-0.50414294,0.07396265,-1.2665797
265,-0.07983051,0.8154806,1.3053355,-0.4436548,1.5810148,-0.4256735,1.3775342,0.73100364,-0.5249594,0.038622823
266,1.2431014,1.3460414,1.1083586,1.3431368,2.0790641,1.1592286,1.0298014,1.5360588,1.148857,-0.101826526
267,0.8655329,1.0183542,0.66117007,1.1478447,0.49747962,1.4001138,0.65494925,0.5829245,1.1876241,-0.028171184
268,-1.453225,-0.8946402,-0.22258763,-1.1984743,-0.39803684,-1.4666328,-0.16285214,-0.6423395,-0.998426,-0.22626467
269,-0.2831092,-0.27814505,0.5369872,-0.070688605,1.2929746,0.52413833,0.48227745,0.5928349,-0.44151732,0.80750763
270,-0.7111678,-0.34253192,0.72855103,-0.9179644,1.855557,0.19197409,0.67079264,-0.21288249,0.4349386,0.60106695
271,-0.04773063,-0.4080238,-0.12250787,0.09861255,0.5286638,0.49477598,-0.045465585,0.84194064,-0.335406,-0.2724602
272,0.8889871,0.44566616,0.6053654,1.2513894,-1.6027318,0.0042247246,0.6846282,0.5224373,0.4367945,0.12405976
273,1.338929,0.7368264,1.0127153,1.4949931,0.40794107,1.0232917,0.96854484,1.0197974,-0.30297375,2.1193035
274,1.0802807,1.2839832,1.1455289,2.0454268,-0.713729,0.27247727,1.1288085,0.7053174,0.29494497,1.4407687
275,0.113489,0.24805012,0.8012925,0.96259767,1.5202435,0.56644505,0.7553869,0.6318977,0.51210433,-0.4754573
276,1.0507196,1.1626046,1.4566997,0.9647536,0.15950823,0.61203927,1.683289,1.577832,-0.2270996,1.2906572
277,0.5411245,0.4674413,-0.8872481,0.5641595,-0.81574607,-0.91423464,-0.7840393,-0.39107174,0.15874897,0.21987203
278,-1.7764382,-1.4614096,-1.8106292,-1.0119281,-1.1183327,-0.4981085,-1.8383623,-1.5259804,-0.26214084,-1.515036
279,1.2899684,0.7093361,0.43571168,1.28715,-0.5240426,0.6537186,0.40336764,1.5372896,1.4207716,0.19447434
280,1.2383084,0.44562015,0.09831447,1.1371034,0.41198844,0.81049955,0.06332674,0.025250034,1.6622027,0.40008307
281,-0.19392093,0.08497588,-2.1369781,-0.68780756,-0.19839364,0.079236224,-2.10225,-1.3175596,1.2937794,-1.0049801
282,0.038924947,0.18580647,-1.6220376,-0.36173528,-0.5525543,0.22929469,-1.596975,-0.60650563,0.87139726,-1.3485018
283,-0.38251755,-0.37440336,0.06176449,0.07547832,0.092700705,0.35134295,0.112584785,-0.75446004,-1.0845475,0.15107326
284,-1.0073795,-1.4909352,-0.44086263,-1.2924833,0.037793316,-1.1817092,-0.39688933,-1.12063,-1.0194389,-0.09066826
285,0.47673705,0.3338054,-0.58370245,1.3380291,0.26775923,0.70011574,-0.6757765,0.42425635,0.7569465,-1.0908309
286,-1.2402403,-1.4197854,-1.45722,-1.3637815,-1.5931295,-1.5097338,-1.4093022,-0.77457386,-1.5660862,-0.43035224
287,0.18771751,0.026780777,-2.0796626,0.6522163,-1.3631514,-0.029156137,-2.0163114,-0.7015406,1.4979796,-1.2495354
288,1.7702527,2.3742023,0.512336,1.9395314,1.9547125,1.5306491,0.3730005,1.279882,1.5124179,0.5329294
289,-1.1286902,-0.5917186,-1.6603454,-0.6027733,0.25582752,-0.6632495,-1.6269219,-0.6395061,0.46303058,-1.1707907
290,-0.96086687,-1.34956,-0.33962303,-0.8682343,-0.23069212,-0.6039347,-0.34813508,-0.8785167,-0.2718788,0.5015009
291,-0.5980079,0.24599254,0.2918351,0.103825465,-0.8209294,-0.46710128,0.21669772,-0.5738122,-1.5697489,0.8933211
292,0.9447303,-0.013181596,0.146703,-0.058744,0.59505206,-0.2475438,0.066826686,1.1040359,0.056064617,1.2402884
293,-0.62381667,-0.1320854,-0.14291301,-1.090166,0.051194057,-0.9470398,-0.13442148,-0.30587506,-0.6178361,0.35527858
294,0.7335199,0.98408365,-0.4124152,0.52586824,-0.02978579,0.5250105,-0.31855997,-0.151475,1.260487,-0.2884217
295,-0.9231066,-0.4496143,-1.6533941,-0.44826055,-0.95195246,-1.345961,-1.5217842,-1.1569703,-0.7929583,-1.3860534
296,-1.4546293,-1.3024673,-0.94077456,-1.6692903,-0.4544387,-0.2526262,-0.89193106,-1.5797614,-0.68701214,-0.07899282
297,-0.9636174,0.06912883,-1.2467889,-0.1941209,0.13464193,-0.5461497,-1.1637912,-0.90744907,-0.32110187,0.21421564
298,0.0710078,0.19835941,-0.89050007,0.07400899,-0.3678847,0.09111508,-0.8914145,0.01778279,0.9779902,-1.1642061
299,0.4940848,0.10670987,1.2193724,0.42753342,2.3224757,0.29104716,1.268099,0.66533166,-0.53713614,0.4604903
300,-0.63301474,-1.3206757,-0.6637641,-1.4573841,-0.93842155,-1.4143856,-0.6165712,-0.2722175,-1.0053805,-0.3753408
301,0.2888244,0.46064675,-1.6396215,0.39390707,-0.7326626,0.59982085,-1.5869025,-0.33128652,0.45207208,-1.3735498
302,0.6711374,0.98634374,1.444748,0.16464154,1.690174,0.5847872,1.4658716,0.31102356,0.14339639,0.81931037
303,-0.32048845,-0.59137696,0.5653683,-0.5046255,2.0332203,-0.1486319,0.48493624,0.19069313,-0.5612339,0.55357325
304,0.62695044,1.2162533,0.38370588,0.07436561,0.12325789,0.7492387,0.411246,0.7168112,0.5437376,0.4905197
305,0.5002928,0.7029804,0.87531483,1.1531628,2.0085905,0.92595965,0.87120354,0.6878129,1.0898033,-1.0325475
306,0.18599872,-0.13570692,0.6651085,0.71061337,-1.4087504,0.10113192,0.6717804,-0.09766735,-0.95211047,1.0507367
307,-0.4308609,-1.3582289,0.73417205,-0.79419106,1.2661779,-0.46549574,0.7087249,0.38677916,0.2284496,0.7500336
308,0.9450303,1.488511,0.8872232,0.43629023,-0.13730879,0.9109342,0.8945567,1.8815367,0.8396333,-0.47562882
309,0.03786151,0.80200034,1.3530887,-0.33028746,-0.87810355,-0.44407684,1.5569438,0.16151264,-0.71730906,1.6349248
310,0.37449053,0.8117287,-0.502964,-0.007672044,-0.11560445,0.48297837,-0.5362231,0.8118377,-0.0911288,-0.75742245
311,0.97102517,-0.09061821,0.4825243,0.8759676,-0.070287384,0.86818045,0.4396481,0.14920866,0.24708714,-0.41108418
312,0.06688339,-0.68974483,-1.4398466,-0.09017225,-0.59150076,0.068972506,-1.32298,-0.8232193,-0.5158138,0.098962106
313,0.30442742,0.21527198,-1.3754867,0.104494676,-1.0453004,-0.37389445,-1.4430312,-0.3662549,-0.28039125,-1.0762832
314,0.822861,-0.36133504,-0.23340102,1.2849042,0.3226105,-0.34007746,-0.15967534,0.19855492,0.4698654,0.79144126
315,0.30524132,0.41393957,-1.4643443,-0.26910272,-0.36940983,0.6707739,-1.3752723,0.8158018,1.5546118,-0.77933764
316,-1.2522397,-0.9624639,-0.39804468,-0.8630441,-0.91070455,-0.5268098,-0.3954473,-0.79674476,-0.19805916,-0.8452329
317,-1.0912867,-0.56100583,-1.8387194,-1.0602884,-0.14412305,-1.2400908,-1.7746942,-1.1302309,-1.334979,-0.8883153
318,-0.31195894,-0.76023155,-1.4089687,-0.67168486,-0.86073345,-0.67332244,-1.3806769,-0.22435541,0.8973121,-0.04167944
319,-0.046946626,0.11028256,-0.13400325,0.34401703,-0.5989775,-0.30895567,-0.10004332,0.7650258,-0.1583034,-0.056515045
320,-0.5321702,-1.0460652,-0.19565555,-1.0673301,0.36218664,-0.958801,-0.20510396,-0.3660718,-1.0427768,0.1020978
321,0.49534914,0.46435308,0.8613439,-0.16706435,0.99844277,0.14784597,0.7935556,0.17345445,-0.33644617,0.6180322
322,0.7692077,2.0408142,0.57157606,1.1172947,0.10008848,1.0391049,0.50821775,0.9089451,0.50703377,-0.29141662
323,0.45502454,0.94830936,0.32936287,0.9285538,-0.32424858,0.090386495,0.42490214,0.40041798,0.8409563,1.6095463
324,1.035632,0.51475,0.9677355,1.3724316,-1.251262,0.17747922,0.99219286,1.0837305,0.24427533,1.7611363
325,-1.0205683,-1.7571535,0.0021671301,-0.8075988,-0.3291401,-1.2919872,0.028076414,-1.1239007,-1.047809,0.27463943
326,-0.8800059,0.20900391,0.85068506,-1.0204105,-1.0679395,-1.0344528,0.7535148,-0.6575198,-1.0006503,0.8647673
327,-0.4053371,-0.20091942,1.131614,-0.12140726,-0.45484954,-0.97089314,1.1530381,0.90806067,-0.42135027,-0.1252113
328,-0.76705545,-0.78741735,-0.16977465,-0.6551751,-0.08275441,-0.5220489,-0.15717235,0.09417926,0.1234252,-0.47330824
329,0.11690162,1.0512645,0.5804588,0.6401197,1.9863601,1.878579,0.46933612,0.30457333,0.76577073,-0.13746727
330,-0.15914261,0.0051723756,0.07010546,-0.37843546,-0.7922188,0.34318578,0.027278103,-0.18223095,-0.5337196,0.3239536
331,-0.5723461,-0.60421544,-0.63355535,-1.0062057,-0.32810283,-0.55746305,-0.5801031,-0.5871669,-0.6998467,-1.0515562
332,-0.8498383,-0.5279921,-0.6707903,-0.5364869,0.27268487,-0.81320524,-0.72628444,-1.0240172,-0.74227554,0.11851148
333,-0.44899383,0.2561489,0.6199914,-0.86550087,2.437193,-1.2416342,0.6174099,1.3758826,-0.55680865,-0.10347069
334,0.9921411,1.2842152,0.80573213,1.5256526,-0.045911927,0.6583086,0.8369288,0.55233413,0.44116694,0.09492749
335,-0.4984565,0.42813367,0.8357131,-0.33757737,2.0675292,-0.18420042,0.8612139,-0.15972713,-1.0341873,-0.9496417
336,0.044878837,0.5308029,-1.1387994,-0.7103862,-1.1119772,-0.28173915,-1.1367615,-0.6060587,1.06881,-1.1151536
337,1.3900065,0.7171885,1.4546791,1.2341523,1.9451588,1.1979752,1.3544425,1.2313396,0.5899471,1.9613023
338,-1.3191379,-0.646815,0.5617808,-0.72976154,-0.745608,-0.82526964,0.62392724,-0.6100475,-0.26815176,0.28683877
339,-0.63834995,-0.18969579,-0.8530487,-0.44276884,0.44485626,0.043163482,-0.8427625,-0.19138643,0.80214924,-0.9350457
340,0.6808844,0.13031618,0.716375,0.8316796,1.1280313,0.53626466,0.6627034,0.6520833,0.034139995,0.15683648
341,-0.026080761,-1.064071,0.77988243,-0.4080706,1.9694724,-0.05064,0.69349945,-0.6384038,-0.4424364,0.22528873
342,-1.4870276,-1.0784363,-2.4506369,-0.62044895,-1.2278396,-0.9648827,-2.3410933,-1.456212,-0.88076025,-1.6437758
343,1.3944566,-0.21087086,0.99987787,0.22439805,-0.70933056,1.0994052,0.9574103,0.18983193,-0.421517,1.2134869
344,-0.564435,-0.6017128,-0.8281053,-0.5693215,-0.860545,0.5740294,-0.8572481,-0.29521176,-0.5755212,-1.0649413
345,-0.449319,-0.17986336,-0.02092551,-0.6431056,0.0606669,0.4209019,-0.14802156,-0.4887585,-0.67068064,0.07684288
346,-1.2371774,-1.6242447,-1.7688923,-1.5876572,0.26984435,-1.9807003,-1.7829593,-1.5702823,-1.6148992,-1.3643036
347,0.5290946,0.86726254,0.76157033,1.0955571,0.18575521,0.435886,0.7397991,0.84501773,0.22866736,-0.031385776
348,0.8083583,0.5644263,-0.015721248,-0.06759052,1.0467794,0.4992107,0.025572231,1.0074999,0.16082458,-0.80035955
349,0.13567778,0.45693576,-1.7567263,-0.45059153,-0.6326578,-0.49848238,-1.688096,-0.52167696,1.7595202,-1.2749085
350,0.19358337,-0.070080705,1.0923502,0.35377726,-1.2477212,0.67438304,1.112038,0.88185495,-0.028681856,1.2718183
351,0.7065,0.54030174,-0.16022672,0.2840802,-1.631607,0.11250439,-0.17609616,0.6684507,1.3663487,-0.86073977
352,0.23571712,0.5101094,0.7475572,0.64562434,0.46476734,0.43549132,0.8163139,-0.5786256,0.66337943,0.9364044
353,0.41105518,0.82982254,-0.030270347,0.5293976,0.57033414,0.7544831,0.027986461,0.332548,-0.3508107,1.4275225
354,-0.0023895672,1.2793337,1.1206089,1.2037079,1.1136113,-0.051330604,1.1450336,1.3219539,0.097377956,-0.9903176
355,0.34332603,-0.82370096,0.440942,-0.03373755,-0.5965516,0.38912168,0.34320667,0.6734382,-0.6670542,1.0407529
356,0.5504,-0.005491438,-2.2561536,0.17208256,-1.5431157,0.3598958,-2.1350765,-0.45105976,1.2792125,0.4218217
357,0.35469267,0.6536646,0.34029257,0.5462742,-0.50693077,0.41031307,0.3719596,0.26967397,0.50304914,-0.20204802
358,-0.2024033,-0.15732875,0.57028246,-1.1274163,0.30233422,-0.1884523,0.4720952,-0.20347692,0.051012572,0.022991637
359,0.44223028,0.008532047,0.059378505,0.07806153,-0.18607113,-0.2994489,0.06603163,-0.0037181703,-0.051916115,-0.3811161
360,0.8771726,0.8131398,0.6984519,1.3386066,1.357765,0.9555803,0.6717133,0.65131056,0.35021448,1.5823578
361,0.82403195,0.4533309,0.6081644,0.58463675,-0.22863455,0.5033557,0.5872698,0.92175746,-0.41785526,1.3316506
362,-0.9131011,-1.6185412,0.53548324,-1.3133764,-0.5557158,-0.69431263,0.5282859,-0.19342242,-1.0099092,0.4157174
363,0.9976396,0.30519345,0.6679385,0.53428644,-0.38168526,1.0559291,0.60865676,0.33323,-0.095454216,-1.1693124
364,-0.7601771,1.0341353,1.3858609,-0.23476426,2.309967,0.4268026,1.4464359,0.4297717,0.575079,0.1107833
365,0.98357695,0.8328562,0.26075602,0.79903823,-0.16564082,0.8298096,0.2624154,-0.020098725,0.975572,1.1824163
366,-0.45913807,-0.14948778,-0.10698819,-1.0724288,-0.6243894,-0.41225964,-0.047829702,-0.5849428,-0.20753738,0.07314637
367,-0.89001703,-1.6390091,-1.336886,-0.7206534,-0.32839054,-0.36449343,-1.3799977,-1.3996743,-0.6592287,-0.8273029
368,0.7151107,0.59771043,-0.20551269,1.0036467,-0.5835372,0.96442616,-0.18275261,0.42428175,1.456563,0.2276221
369,0.29688403,1.047121,0.41067508,0.78495985,0.051094305,1.1693656,0.5067697,1.3073903,1.4046046,1.4658945
370,-0.2919124,-1.3630729,-0.09038916,-0.2419256,0.45250162,-0.70636696,-0.09970147,0.010503676,-0.68538326,0.12428538
371,-1.5531899,-1.0617478,0.27103427,-1.0275869,-0.05636921,-1.3191417,0.24929766,-0.37380463,-0.50026727,-0.6138301
372,-0.896492,-0.9519012,0.62017137,-0.758747,0.738712,-0.7918792,0.5323694,-1.0828817,-0.62221116,-0.8440543
373,0.72699475,0.21109697,-1.1954367,0.8158766,-0.10731841,0.32967818,-1.1415927,-0.018450843,1.0239577,1.3544686
374,0.40051386,0.06654331,0.67470706,0.61045563,-0.3088909,0.76725143,0.60925144,0.32250226,-0.10693786,1.708734
375,-0.55183333,-1.3864734,-0.45786524,-1.2722183,-0.60910654,-1.2192359,-0.4900928,-1.1397433,-0.7119899,-1.3178858
376,1.2767395,0.53169423,0.846956,0.5773021,2.191098,-0.17352417,0.9691694,0.8582317,-0.819889,0.9831573
377,-0.49327236,0.026106779,0.19947529,-0.51660514,-0.77261907,-0.26096353,0.20812029,-0.3587337,0.009511135,-0.63228756
378,0.8275713,0.31019685,0.27430895,0.6514098,-0.52624375,1.3184638,0.23777401,-0.1705384,1.2981788,-0.83365464
379,0.4105999,0.8061254,-0.7172974,1.2368762,-0.7714752,0.4600918,-0.68889034,-0.12853524,1.6292293,-1.1051506
380,-1.3737646,-1.6965187,-1.9260166,-1.8373239,-0.2545026,-1.0728327,-1.7981162,-1.5266435,-1.3313029,-1.2450607
381,-1.0530428,-1.2890372,-1.1182194,-1.2759017,-0.9140636,-1.0828731,-1.1120629,-0.7715425,-1.2842078,-0.73745894
382,-0.24748862,-0.41105786,-0.99345046,-0.19187665,-0.8414727,0.25582948,-0.88922536,-0.8190547,-1.0726776,0.15288955
383,1.3838364,0.7427231,0.70620304,0.84945536,-1.6606861,0.563984,0.76584375,0.45788884,-0.24480097,1.8715681
384,0.89535654,1.1807162,0.50603575,-0.12758431,2.241623,1.2447994,0.55747956,0.6158166,0.64241254,-0.82764894
385,0.48594004,1.0337133,1.2062057,0.8733268,-0.30487964,1.0094703,1.1825869,1.3246769,1.0530711,1.0779831
386,0.681555,0.63621324,-0.88818693,0.95097077,-0.57316506,0.6778383,-1.004262,0.2573992,0.6093691,-0.9405711
387,-0.42985737,-0.9707501,0.006843477,-0.35232252,-0.5474766,-0.8467977,0.05727205,-0.7391444,0.44111004,0.25512004
388,-0.1450188,-0.3083508,1.092658,-0.31966737,1.9514644,-0.63124824,1.2588216,0.48567054,-0.44101802,-0.14577492
389,-0.42118356,-0.49365115,-0.8185969,-0.87558484,-0.17763431,0.44535834,-0.7587608,-0.4244957,0.013571126,-1.1079894
390,1.308111,1.6762412,0.8006679,0.9255452,-0.28794122,1.1246463,0.72674507,1.7115953,1.3140192,-0.9107625
391,1.0725613,1.1000986,0.5571355,-0.11014284,-0.9412932,1.7941588,0.5589523,1.6472898,1.1182256,-0.26074138
392,1.6056529,0.40027717,0.45445526,1.0957559,-0.75639683,1.0378785,0.46922073,0.7720723,0.6379682,1.5191928
393,0.7509356,0.66063863,0.39310753,1.0898573,-0.43800855,0.8739957,0.29959083,1.0994905,1.020243,-1.1849142
394,-1.2564534,-1.1596438,0.37897065,-1.0373912,-0.90688306,-0.07614,0.41728503,-0.6261828,-0.5421948,0.372856
395,0.33365816,1.0359125,0.76970536,0.7488943,0.46472085,1.3456787,0.7446036,0.44925562,0.75007415,0.3420816
396,-0.44064286,-0.8274953,-0.4359061,-0.7051488,-0.5066717,0.11829605,-0.4807374,-0.4565719,0.064299665,0.15020442
397,-1.0930275,-0.900151,-1.0506513,-0.8677353,-1.1386734,-1.1133907,-1.0655595,-0.44430768,-1.3978002,-1.0274299
398,-0.6423307,0.14579776,-2.6926854,-0.8448878,-0.33683127,-1.1106057,-2.6062748,-1.5327059,-0.1714871,-0.91832083
399,-0.6802127,-0.69403744,-0.4034074,-0.46683246,0.22027193,-0.11982263,-0.41955012,-0.2823049,-0.07324413,-1.5905498
400,-1.7610784,-1.5231423,-2.004824,-1.3704674,-0.08482439,-1.950624,-1.9374025,-1.4216399,-0.72261804,-0.16052867
401,-0.85585874,-1.6772172,0.56377375,-0.35154876,2.0421135,-1.2591097,0.42697796,-0.08889888,-2.4820957,0.33797932
402,0.5532857,1.2734032,0.73444486,0.78532654,1.1419876,-0.024438743,0.7388824,1.8599628,-0.21349807,0.08253539
403,1.5828373,1.1744549,0.7706184,1.4340699,1.1180204,1.4528888,0.71243346,0.8210296,0.74853367,2.2788944
404,0.60192984,0.5592289,0.68716645,0.49936542,-0.2791659,-0.32125664,0.60759217,0.8513663,-0.1678077,-0.18435669
405,0.11634927,0.7455926,0.56422186,0.6490675,-1.3963906,0.39308432,0.64266163,0.3411634,-0.6004417,-1.252749
406,0.05125421,0.23152637,0.25475603,0.7712646,-1.0204744,0.020495055,0.3194371,-0.10345375,0.036448527,-1.2140738
407,0.73449975,-0.019633647,-0.1746719,0.5755217,-0.51918954,-0.007470645,-0.10028158,0.105523124,0.069872595,-1.1717299
408,0.0099062035,-0.61188483,0.523994,-0.38939992,1.3669956,-0.9068269,0.5324518,1.0781406,-0.37981957,0.62737405
409,0.0020570834,0.4616741,-0.9875163,-0.18413585,-0.56278324,0.5929474,-1.0694468,-0.09755276,0.053742036,-0.51550704
410,0.35810384,-0.17793106,-0.028074162,0.2573922,-0.060493078,0.05750061,-0.05555415,-0.19532394,0.1900483,0.88309747
411,-1.5204672,-0.8535177,-0.5437375,-0.55823237,-0.6059669,-1.1247511,-0.61299247,-0.85508746,-1.0000656,-0.048775163
412,1.6830941,1.3551017,1.0169843,1.3605461,-0.85808927,0.6742508,0.98112214,0.6014927,1.2577713,0.005589865
413,-1.2012497,-0.95911074,-0.45132864,-1.2628552,-0.31109366,-0.5738885,-0.3762445,-0.87895966,-1.4529011,-1.3532684
414,-0.25241897,-0.44512808,0.76622427,0.29543123,-0.42883345,-0.6569644,0.9041741,-0.91193914,-0.25406107,0.5930935
415,1.8956094,1.9241923,1.3765677,2.0554574,-0.27423877,0.6092464,1.4095538,0.7508103,1.473465,0.55584973
416,-0.5764899,-0.9941402,0.20267496,-0.5423826,1.423792,-1.1125051,0.1945183,-0.7632383,-0.69416577,0.48181313
417,0.839825,0.5124294,-0.1933759,-0.17916968,1.9086177,0.4065218,-0.096625306,0.44482574,0.11448173,-0.4757026
418,0.50714415,0.5148038,-0.13418081,0.42712733,-0.5262433,0.33581436,-0.13852519,0.26666984,0.36532056,1.4916599
419,0.36061865,0.37791225,0.12125408,0.37456903,-0.7069846,0.06587117,0.030308777,1.0444515,0.38903302,-0.4929874
420,1.5293379,0.94067305,1.0415071,0.255006,2.1434991,-0.26615298,1.0605637,1.076712,-0.40085208,0.018768242
421,-1.0954505,-1.0766048,-1.1605589,-0.79402375,0.20205104,-1.1361482,-1.1089189,-1.075492,-0.15611877,-0.072950564
422,-0.9142475,-1.1313907,-0.2879318,-0.6011562,1.0852594,0.04813416,-0.21458422,-0.2623428,-0.9134688,0.451939
423,-0.49708846,0.22943975,1.183531,0.43635726,1.082078,-0.18635638,1.1407752,1.7077304,-1.5880818,1.5046259
424,0.098081544,0.052144296,0.23075707,0.30716202,-1.0391353,-1.0019287,0.19186483,0.276391,-0.20798895,1.3298995
425,-0.3935783,-0.6109093,0.020102415,-0.000515239,-0.10342423,-0.33185184,-0.0006913136,-1.0777812,-0.91500217,-0.13974862
426,0.27816603,0.87439334,1.1953442,-0.052804478,1.856714,0.16884091,1.1627944,0.10998149,0.77775025,1.134218
427,0.20282736,0.6477952,0.5805771,0.15236795,-0.83665764,0.17562124,0.51810205,0.1571504,-0.37001115,-1.2311238
428,0.52384,-0.3631847,-1.7789478,0.32724914,-0.38619787,0.3751243,-1.7524527,-0.69343567,1.8846056,-0.68225616
429,0.46248564,0.38918042,-1.9891617,-0.5407963,-0.5579761,0.020978758,-1.9177802,-0.5823643,2.0837498,-1.2101003
430,0.9987163,1.0134157,1.3351083,1.1697742,0.54347414,0.5955631,1.2994353,0.8445329,1.188686,2.5964243
431,-1.0470324,-1.1198622,-0.2300139,-0.70466715,-0.09840998,-0.3508133,-0.20207879,-1.2938145,-0.76544994,-0.26316598
432,0.35882574,0.08329208,0.7028197,0.25515866,1.3251394,0.63567567,0.7724083,0.12895688,-0.7500298,-0.09228109
433,0.95666987,0.44604492,-0.010990956,1.1746734,0.17847657,0.011255185,0.028916828,0.4926711,0.66935045,0.48209387
434,-0.6389222,-0.56313705,-0.008115338,0.04775423,0.05116824,0.32502317,0.070083246,-0.26245144,-1.3740342,0.55840707
435,-0.1392537,0.47327232,1.1236885,-0.41965535,2.599002,0.6358532,0.8696496,0.06719054,-1.9273396,0.44459754
436,0.81852144,1.3461567,0.044928957,0.99795604,0.073090054,0.5966092,0.059237294,0.4734575,1.250405,-1.0611371
437,-0.89449483,-0.95700055,0.11711918,-0.7106759,0.06688237,0.12793277,0.21252449,-0.01241826,-0.3879846,-0.43262476
438,-0.7897545,-0.9074363,-1.4239489,-1.455863,-1.1682984,-0.5829139,-1.4571925,-2.1126003,-1.2189515,-0.73947567
439,-0.27063438,-0.56659395,-1.0836374,-0.16066556,-0.4364704,-0.38014182,-1.0530787,-1.0356894,-0.00866846,-0.010825685
440,-0.026420798,-0.13398091,0.12638845,-0.22478884,-0.920211,-0.30601156,0.1220068,-0.35085917,0.13844042,-0.27361804
441,-1.37759,-0.86490434,-1.8716389,-1.1118184,-0.257111,-0.7782705,-1.790476,-1.2983421,-0.20235248,-1.4814172
442,0.8012381,1.5292059,0.99192077,0.8437283,1.8694919,0.12654547,1.2237072,0.89052933,0.015662398,1.0225245
443,0.36057344,0.7978899,0.28990915,0.71794385,-0.41383398,0.38531074,0.38222829,0.6365728,0.40060836,1.4943329
444,-0.08861257,-0.20939364,0.12834412,-0.0013990834,-0.60329145,0.24800177,0.13933422,0.36567965,0.16740221,-0.42550737
445,0.21296608,1.34263,1.0611024,0.38341138,-0.19670874,-0.11260906,1.0928501,0.39900696,0.03348212,-1.330051
446,0.2284963,-0.27375713,0.5808219,-0.4062134,0.0958978,-0.76676303,0.62870127,0.44263825,-1.5573411,0.6694063
447,0.5109172,-0.284025,1.147231,-0.68784636,0.40055397,0.43300408,1.3473034,0.6752732,0.11136536,-0.06580391
448,0.88615626,0.2993335,0.65449286,1.0153034,1.6742597,-0.35838184,0.646076,1.0549681,0.16016686,0.7842714
449,0.8786799,0.57778966,0.94617057,1.0801188,0.7540655,-0.66681665,0.87779313,1.4058096,-0.1266058,0.77415
450,0.038316667,0.682103,-0.019146858,0.42348593,-0.9582345,-0.13519074,-0.006576204,0.8339101,-0.41563424,1.2589244
451,-1.3527752,-1.2043078,-0.12289651,-1.2585316,-0.4528722,-1.030899,-0.16254649,-0.9182901,-0.792756,-0.7812158
452,0.20215248,0.5067851,-1.4885691,0.0857251,-0.77949625,0.04342779,-1.5047536,-0.060564503,-0.3823451,-0.8421454
453,1.3399982,1.1715959,0.653179,1.102682,-1.7261201,0.814098,0.6722261,1.0425417,0.858588,0.73844814
454,1.451789,0.12529488,0.36529118,0.7901722,0.17303707,1.808498,0.42291322,1.4578787,0.16725723,-0.48455653
455,-1.7028607,-0.7495544,-0.9769444,-1.7727467,-0.14897807,-1.3723583,-0.9862155,-1.4933642,-0.73638195,-1.1153023
456,1.3555158,1.1276658,1.2378837,0.7474631,-0.583272,0.09375014,1.1882533,0.58827853,0.40318072,1.7208036
457,-0.2740755,-0.038874283,0.26080194,0.06468597,1.1369141,-0.31763324,0.25486746,-0.7390712,-0.914142,0.50968915
458,-0.27455568,0.18247165,0.67739123,-0.30924985,0.43956453,-0.21967234,0.7105526,0.20476685,-0.27025548,0.42426747
459,-0.44110918,0.007880476,-0.35421723,0.07382706,-0.19928187,-0.30637473,-0.23536628,-0.34386244,0.8961916,0.0014230442
460,-0.23029698,0.30026498,0.9007041,-0.023581747,1.2717813,-0.17467196,0.8948785,0.2863081,-0.088623226,1.1563089
461,1.130828,0.29686242,0.5468478,0.45314947,-1.1472511,0.095877685,0.56943744,0.91888785,0.48205516,1.4985726
462,-0.92885476,-0.66495603,-1.35642,0.04091247,0.28621623,-0.35815984,-1.3782045,0.070537634,0.30499354,-0.7519415
463,-1.1452552,-1.7314496,0.15957418,-0.8691378,0.2272084,-0.6498935,0.16818692,-0.18682522,0.08506938,0.7042779
464,-0.16235475,-0.34254035,-0.51201105,-0.5330048,-0.34330034,-0.32800475,-0.6009145,-0.56359535,-0.0258056,-1.7858157
465,0.6430153,0.762117,0.30566975,0.53021115,-0.1505179,-0.20203163,0.27542752,1.0589535,0.33043215,1.3788021
466,0.27692613,0.30009928,0.71676517,0.22513342,1.4391593,-0.13694946,0.77221537,0.98943967,0.1579014,1.3100649
467,0.08184961,-0.6236699,1.174662,-0.323052,-0.5630499,-0.11486852,1.1796329,1.1834472,-0.4402914,-0.058656942
468,-1.5462103,-1.4432037,-1.162635,-1.1382133,-0.6109609,-1.0143608,-1.1101402,-1.0841604,-2.117783,-0.13879387
469,0.728062,0.35263547,-0.18796328,1.0176284,0.14162202,0.46714973,-0.18353952,0.17957264,0.23092315,-0.8101884
470,0.095537506,-0.58388746,-1.2868664,0.30758852,-1.2384021,-0.038242206,-1.2490216,-0.49051887,-0.28389838,-1.3512852
471,0.5339063,0.37034184,-0.2625246,0.3356681,-1.0566747,-0.7479882,-0.2426732,-0.12036069,0.69441396,-0.4332541
472,0.79675746,0.39936808,0.21234997,0.76989925,-0.72501475,-0.14795029,0.2347073,-0.28272754,-0.20752615,1.5384829
473,0.066768676,0.47943702,-1.9741522,0.40588427,-0.19987385,-0.48347732,-1.9347452,-0.8945528,-0.34558454,-1.1298529
474,0.0127564045,0.29485914,0.8489532,0.39615884,-0.34601492,-0.503022,0.85627586,0.72536546,-0.27090093,-0.6356209
475,-0.2612057,0.36611512,0.3311841,0.20330083,-1.6755248,0.5399017,0.28407696,-0.6659184,-0.5411617,-0.5472386
476,-0.3363987,-0.09771168,-2.1801271,-0.95256054,-0.39615852,-0.73444927,-2.1131787,-1.4263033,1.2222662,-1.0681502
477,-1.2688775,-0.5424201,0.47826868,-1.2643805,0.47237113,-0.25489795,0.40067065,-0.9456499,-0.6355241,-0.47413084
478,0.37784272,-0.22037418,0.101662874,0.14008124,-0.6346253,-0.8177068,0.064080015,0.09698851,0.6011947,1.3481699
479,-1.1166655,-0.022972614,-0.601576,-0.36146554,-1.4164641,0.27412456,-0.5980585,-1.0387213,0.2409467,-1.220227
480,-1.1898737,-1.5129008,-1.3809475,-1.8560718,-0.80018216,-1.421236,-1.3505313,-1.9004987,-1.3042057,-0.011218842
481,0.4505974,1.1160064,1.0906212,0.8262871,1.3842113,1.5158082,1.1789283,0.9068652,0.8401942,0.37025675
482,-0.80723,-1.2371229,0.43865424,-0.11570393,2.0153127,-2.0801113,0.55309516,0.34073249,-1.2128553,0.2536246
483,0.7086213,0.9664399,0.1443884,0.28415877,-0.7193155,0.32989246,0.10453922,-0.06818742,1.8698955,0.084508725
484,1.1228825,0.34269318,0.40166348,0.6954467,-1.0449579,0.46814516,0.36036754,0.9475232,-0.053944867,0.13617763
485,-0.73566884,-0.39824897,-0.87976074,-0.9409157,-0.6385767,-0.38124806,-0.8551399,-0.28371856,-0.59941256,-1.4621944
486,0.8317576,1.2885933,0.92155,1.134078,-1.1084424,1.0281645,1.002075,0.35148627,0.837066,0.34986126
487,0.7461455,0.26835924,0.74960536,-0.098097205,-0.6279425,0.24286062,0.5640784,1.3291497,-0.1912908,0.023887029
488,-0.75026286,-1.2268078,-0.7286122,-1.1664828,0.23948577,-0.3945831,-0.82442933,-1.1864791,-1.1870775,-1.1982588
489,-1.0212606,-0.61893314,0.011558866,-0.14468457,-0.771579,0.071020335,-0.003880544,-0.45329478,-1.1687423,-1.1951712
490,0.18912946,-0.03180202,0.64865255,0.7204943,0.1640871,0.40454504,0.50421536,-0.60440147,0.26017043,-0.04500134
491,1.3955882,0.8047197,-0.025440622,0.96487683,-1.7068408,0.32562125,-0.01423619,0.58045083,0.17321005,1.3043021
492,-0.26474935,-0.20199613,0.23532702,-0.82821536,1.4852525,0.011710929,0.18824753,-0.74393207,-0.26635233,0.4017141
493,0.14912075,-0.022758162,0.6492876,-0.4236766,-1.10206,-0.7576991,0.54624486,0.7672533,-0.11570009,-0.3293346
494,1.14808,0.5311338,-0.2286446,0.82901794,-0.4489076,1.0723633,-0.17582478,0.27499658,0.48030403,0.082987666
495,0.029479923,-0.5799351,0.68422824,-0.9460079,1.8778659,-0.03363219,0.72398293,0.33515906,-0.6012258,1.1674182
496,0.20874067,-0.88085544,1.192991,-0.12251401,-0.19705066,-0.5782979,1.0781069,-0.33288965,-1.294238,-0.08840946
497,-1.7435657,-0.9240591,-0.96516156,-1.7881072,-0.6248187,-1.8313535,-1.0056149,-1.649275,-1.0553831,-1.1910454
498,1.7530191,1.7711489,-0.036477957,1.0197264,0.01274657,0.3224508,0.005842168,0.7010365,0.15010326,0.29313958
499,0.103369236,0.42859644,1.4241321,-0.5423907,-0.85877013,-0.02907592,1.6322546,0.38762513,-0.041604392,1.0643718
500,-1.0006783,-1.697859,-1.8200225,-1.5394726,-0.023719097,-1.7538407,-1.841349,-1.750522,-2.2077615,-0.122314684
